<?xml version="1.0" encoding="UTF-8"?>
<fmiModelDescription
  xmlns:xsi="http://www.w3.org/2001/XMLSchema-instance"
  fmiVersion="2.0"
  modelName="Basics"
  guid="{8c51d3bb-040e-4457-aec9-09abd40d61fa}"
  generationTool="Dymola Version 2019 FD01 Beta 2 (64-bit), 2018-09-12"
  generationDateAndTime="2019-01-28T15:24:29Z"
  variableNamingConvention="structured"
  numberOfEventIndicators="0">
  <ModelExchange
    modelIdentifier="Basics"
    canGetAndSetFMUstate="true"
    canSerializeFMUstate="true"
    providesDirectionalDerivative="true">
    <SourceFiles>
      <File
        name="all.c"/>
    </SourceFiles>
  </ModelExchange>
  <CoSimulation
    modelIdentifier="Basics"
    canHandleVariableCommunicationStepSize="true"
    canInterpolateInputs="true"
    maxOutputDerivativeOrder="1"
    canGetAndSetFMUstate="true"
    canSerializeFMUstate="true"
    providesDirectionalDerivative="true">
    <SourceFiles>
      <File
        name="all.c"/>
    </SourceFiles>
  </CoSimulation>
  <UnitDefinitions>
    <Unit
      name="s">
      <BaseUnit s="1"/>
    </Unit>
  </UnitDefinitions>
  <DefaultExperiment startTime="0.0"
    stopTime="1.0"
    tolerance="0.0001"/>
  <ModelVariables>
    <!-- Index for next variable = 1 -->
    <ScalarVariable
      name="sinus_amplitude"
      valueReference="16777216"
      causality="parameter"
      variability="tunable">
      <Real start="1"/>
    </ScalarVariable>
    <!-- Index for next variable = 2 -->
    <ScalarVariable
      name="cosinus_amplitude"
      valueReference="16777217"
      causality="parameter"
      variability="tunable">
      <Real start="1"/>
    </ScalarVariable>
    <!-- Index for next variable = 3 -->
    <ScalarVariable
      name="sinus_shift"
      valueReference="16777218"
      causality="parameter"
      variability="tunable">
      <Real
        unit="s"
        start="0"/>
    </ScalarVariable>
    <!-- Index for next variable = 4 -->
    <ScalarVariable
      name="cosinus_shift"
      valueReference="16777219"
      causality="parameter"
      variability="tunable">
      <Real
        unit="s"
        start="0"/>
    </ScalarVariable>
    <!-- Index for next variable = 5 -->
    <ScalarVariable
      name="sinus_frequency"
      valueReference="16777220"
      causality="parameter"
      variability="tunable">
      <Real start="1"/>
    </ScalarVariable>
    <!-- Index for next variable = 6 -->
    <ScalarVariable
      name="cosinus_frequency"
      valueReference="16777221"
      causality="parameter"
      variability="tunable">
      <Real start="1"/>
    </ScalarVariable>
    <!-- Index for next variable = 7 -->
    <ScalarVariable
      name="sinus"
      valueReference="905969664">
      <Real/>
    </ScalarVariable>
    <!-- Index for next variable = 8 -->
    <ScalarVariable
      name="cosinus"
      valueReference="905969665">
      <Real/>
    </ScalarVariable>
  </ModelVariables>
  <ModelStructure/>
</fmiModelDescription>
